out,new out index,endAvgTemp
10.0,0,102.21560000000001
15.0,60,102.52498333333332
