time,temp,gradient,slope
0.17240381240844727,102.62,0
5.304059028625488,102.617,-0.0005846066958122056
10.427184343338013,102.616,-0.00019519335143588777
